UniProtID,aapos,aaref,aaalt,Ensembl_geneid,Ensembl_transcriptid,variant_name,REVEL_score,VARITY_R_score,Polyphen2_HVAR_score,PROVEAN_score,SIFT_score,FATHMM_score,MPC_score,LRT_score,PrimateAI_score,CADD_raw,DANN_score,Eigen-raw_coding,GenoCanyon_score,M-CAP_score,MetaLR_score,MetaSVM_score,MVP_score,MutationTaster_score,SiPhy_29way_logOdds,MutPred_score,alphaMissense_score,EVE_score,MutPred2_score,ESM1b_score,ESM1v_score
A6NC51,1,M,I,ENSG00000180061,ENST00000326652,chr19_55321034_C_A,0.428,0.8846376,0.932,-1.92,0,0.88,,0,,2.783773,0.995234052,0.379354144,0.999998777,0.208347,0.2235,-0.7989,0.353761421,0.953124,12.6078,,,,0.921,-8.124,-7.855109024
A6NC51,1,M,I,ENSG00000180061,ENST00000326652,chr19_55321034_C_G,0.434,0.8846376,0.932,-1.92,0,0.88,,0,,2.826275,0.99514964,0.379354144,0.999998777,0.215089,0.2235,-0.7989,0.353761421,0.945936,12.6078,,,,0.921,-8.124,-7.855109024
A6NC51,1,M,I,ENSG00000180061,ENST00000326652,chr19_55321034_C_T,0.443,0.8846376,0.932,-1.92,0,0.88,,0,,2.843298,0.995532746,0.379354144,0.999998777,0.608887,0.2315,-0.5973,0.353761421,1,12.6078,,,,0.921,-8.124,-7.855109024
A6NC51,1,M,K,ENSG00000180061,ENST00000326652,chr19_55321035_A_T,0.523,0.93288153,0.969,-3.63,0,0.79,,0,,3.038691,0.978747034,0.364506087,0.999988755,0.636456,0.2725,-0.5056,0.39619538,0.953487,10.1187,,,,0.956,-10.137,-8.117931843
A6NC51,1,M,L,ENSG00000180061,ENST00000326652,chr19_55321036_T_A,0.405,0.9075062,0.845,-1.28,0,1,,0,,2.875661,0.947941073,0.261070339,0.999988755,0.250595,0.1942,-0.8738,0.11512431,0.979379,10.1187,,,,0.895,-7.374,-6.717276287
A6NC51,1,M,L,ENSG00000180061,ENST00000326652,chr19_55321036_T_G,0.408,0.9075062,0.845,-1.28,0,1,,0,,2.828187,0.946967495,0.261070339,0.999988755,0.253698,0.1942,-0.8738,0.11512431,0.975712,10.1187,,,,0.895,-7.374,-6.717276287
A6NC51,1,M,R,ENSG00000180061,ENST00000326652,chr19_55321035_A_C,0.508,0.940192,0.969,-3.87,0,0.78,,0,,3.236452,0.980025993,0.364506087,0.999988755,0.206723,0.2554,-0.7561,0.398581233,0.965711,10.1187,,,,0.961,-8.831,-7.081568432
A6NC51,1,M,T,ENSG00000180061,ENST00000326652,chr19_55321035_A_G,0.424,0.86183846,0.95,-3.37,0,0.79,,0,,2.862777,0.987827381,0.358847245,0.999988755,0.259977,0.2506,-0.7598,0.387042435,0.965711,10.1187,,,,0.936,-9.047,-7.700171566
A6NC51,1,M,V,ENSG00000180061,ENST00000326652,chr19_55321036_T_C,0.408,0.886178,0.899,-1.88,0,0.88,,0,,2.674028,0.990399433,0.292193661,0.999988755,0.277192,0.2018,-0.8668,0.317958652,0.979379,10.1187,,,,0.921,-7.071,-7.080852699
A6NC51,2,W,C,ENSG00000180061,ENST00000326652,chr19_55321031_C_A,0.334,0.7637969,0.996,-6.23,0,0.58,0.607561866,3.00E-06,0.514353633,3.363886,0.991863867,0.440835033,0.999998777,0.138652,0.2952,-0.454,0.436025051,1,12.6078,,0.6714,,0.769,-8.672,-8.610823059
A6NC51,2,W,C,ENSG00000180061,ENST00000326652,chr19_55321031_C_G,0.334,0.7637969,0.996,-6.23,0,0.58,0.607561866,3.00E-06,0.514353633,3.400075,0.99153068,0.440835033,0.999998777,0.120106,0.2952,-0.454,0.436025051,1,12.6078,,0.6714,,0.769,-8.672,-8.610823059
A6NC51,2,W,G,ENSG00000180061,ENST00000326652,chr19_55321033_A_C,0.239,0.85143274,0.992,-7.95,0,0.6,0.573740725,3.00E-06,0.476840794,3.153985,0.953249841,0.200702044,0.99883713,0.086239,0.2606,-0.5771,0.408714661,0.91712,6.9948,,0.1696,,0.818,-8.839,-7.727745533
A6NC51,2,W,L,ENSG00000180061,ENST00000326652,chr19_55321032_C_A,0.301,0.75715375,0.992,-6.19,0,0.68,0.573740725,3.00E-06,0.515111268,2.991892,0.98615392,0.369606635,0.999998777,0.075061,0.2542,-0.5788,0.467416895,0.995788,12.6078,,0.2575,,0.657,-9.157,-6.717276287
A6NC51,2,W,R,ENSG00000180061,ENST00000326652,chr19_55321033_A_G,0.194,0.833762,0.996,-7.93,0,0.61,0.221667247,3.00E-06,0.54883635,2.324362,0.98151749,0.201893379,0.99883713,0.049873,0.2282,-0.5697,0.533375118,0.802226,6.9948,,0.4239,,0.701,-7.801,-7.081568432
A6NC51,2,W,R,ENSG00000180061,ENST00000326652,chr19_55321033_A_T,0.194,0.833762,0.996,-7.93,0,0.61,0.221667247,3.00E-06,0.54883635,2.268584,0.983471438,0.201893379,0.99883713,0.051188,0.2282,-0.5751,0.533375118,0.807697,6.9948,,0.4239,,0.701,-7.801,-7.081568432
A6NC51,2,W,S,ENSG00000180061,ENST00000326652,chr19_55321032_C_G,0.332,0.7793531,0.994,-7.3,0,0.62,0.552019082,3.00E-06,0.494788587,3.092721,0.98408557,0.311340425,0.999998777,0.070881,0.2164,-0.6986,0.474406357,0.999999,12.6078,,0.271,,0.731,-10.172,-7.571714592
A6NC51,2,W,X,ENSG00000180061,ENST00000326652,chr19_55321031_C_T,,,,,,,,3.00E-06,,6.997861,0.988811659,0.592413397,0.999998777,,,,,1,12.6078,,,,,,
A6NC51,2,W,X,ENSG00000180061,ENST00000326652,chr19_55321032_C_T,,,,,,,,3.00E-06,,6.938536,0.9894967,0.526785191,0.999998777,,,,,1,12.6078,,,,,,
A6NC51,3,G,A,ENSG00000180061,ENST00000326652,chr19_55321029_C_G,0.085,0.033407796,0.006,0.37,0.502,0.98,0.122751798,0.668948,0.380906194,0.948973,0.100431631,-0.708753427,0.998911398,0.006412,0.0579,-1.003,0.107399878,0.999781,7.6425,,0.1014,,0.383,-6.772,-4.32050457
A6NC51,3,G,C,ENSG00000180061,ENST00000326652,chr19_55321030_C_A,0.15,0.12996505,0.536,-1.37,0.01,0.85,0.481717174,0.668948,0.403202713,2.382672,0.995228171,-0.008137939,0.998911398,0.019033,0.1359,-1.0169,0.399889259,0.993365,7.6425,,0.1977,,0.497,-8.034,-5.126069784
A6NC51,3,G,D,ENSG00000180061,ENST00000326652,chr19_55321029_C_T,0.121,0.08917828,0.059,-1.6,0.041,0.94,0.373179998,0.668948,0.442236006,1.801708,0.871926843,-0.397776207,0.998911398,0.014357,0.0855,-1.0313,0.251639046,0.999197,7.6425,,0.1825,,0.441,-10.357,-6.824018097
A6NC51,3,G,R,ENSG00000180061,ENST00000326652,chr19_55321030_C_G,0.115,0.11413803,0.218,-1.52,0.011,0.91,0.455366754,0.668948,0.42404449,1.740104,0.968939012,-0.263265018,0.998911398,0.0172,0.0819,-1.0674,0.321951552,0.996195,7.6425,,0.2157,,0.49,-7.381,-4.781222248
A6NC51,3,G,S,ENSG00000180061,ENST00000326652,chr19_55321030_C_T,0.078,0.034626592,0.005,0.19,0.198,0.97,0.111972527,0.668948,0.354075462,1.047237,0.741629751,-0.5667539,0.998911398,0.009824,0.0846,-0.9829,0.112648839,0.998275,7.6425,0.478,0.1013,,0.34,-7.08,-3.803494692
A6NC51,3,G,V,ENSG00000180061,ENST00000326652,chr19_55321029_C_A,0.099,0.07429367,0.145,-0.14,0.015,0.9,0.4334267,0.668948,0.377413988,1.77241,0.946858862,-0.345255505,0.998911398,0.016881,0.0865,-1.0632,0.309530621,0.927986,7.6425,,0.1539,,0.466,-7.422,-4.941266918
A6NC51,4,Y,C,ENSG00000180061,ENST00000326652,chr19_55321026_T_C,0.166,0.13414446,0.573,-3.03,0.02,0.78,0.13924109,0.009509,0.462044418,2.322705,0.986425231,-0.406260728,0.994444117,0.010293,0.0715,-1.0678,0.324986149,0.964339,5.5652,,0.1573,,0.297,-6.804,-4.068852568
A6NC51,4,Y,D,ENSG00000180061,ENST00000326652,chr19_55321027_A_C,0.137,0.21071231,0.192,-3.42,0.023,0.8,0.446550992,0.009509,0.460346699,1.968842,0.860056975,-0.597238475,0.994128289,0.010532,0.0543,-1.0673,0.259272395,0.985818,5.5652,,0.2746,,0.582,-13.369,-7.245599174
A6NC51,4,Y,F,ENSG00000180061,ENST00000326652,chr19_55321026_T_A,0.053,0.06859104,0.046,-1.02,0.077,0.89,0.190043772,0.009509,0.403339356,0.930898,0.917612054,-0.933979453,0.994444117,0.005214,0.0365,-1.0144,0.013882241,0.998126,5.5652,,0.1019,,0.155,-5.084,-2.262786293
A6NC51,4,Y,H,ENSG00000180061,ENST00000326652,chr19_55321027_A_G,0.112,0.06370505,0.403,-2.09,0.06,0.84,0.133734178,0.009509,0.457783073,1.480441,0.988623939,-0.523388555,0.994128289,0.005834,0.0625,-1.0803,0.061188463,0.998148,5.5652,,0.2597,,0.242,-7.732,-5.081401634
A6NC51,4,Y,N,ENSG00000180061,ENST00000326652,chr19_55321027_A_T,0.111,0.122705914,0.144,-2.72,0.035,0.81,0.380840107,0.009509,0.464204729,1.923044,0.932280363,-0.622556637,0.994128289,0.010948,0.0505,-1.0694,0.257786959,0.980486,5.5652,,0.1949,,0.512,-9.382,-6.365923643
A6NC51,4,Y,S,ENSG00000180061,ENST00000326652,chr19_55321026_T_G,0.168,0.123231344,0.004,-2.61,0.115,0.84,0.152599414,0.009509,0.413929462,1.274476,0.762870714,-0.915986881,0.994444117,0.005395,0.0523,-1.0587,0.174935743,0.977205,5.5652,,0.1414,,0.331,-7.432,-4.199092007
A6NC51,4,Y,X,ENSG00000180061,ENST00000326652,chr19_55321025_G_C,,,,,,,,0.009509,,7.215343,0.984778933,0.582109861,0.999747041,,,,,1,12.6078,,,,,,
A6NC51,4,Y,X,ENSG00000180061,ENST00000326652,chr19_55321025_G_T,,,,,,,,0.009509,,7.654383,0.9851579,0.582109861,0.999747041,,,,,1,12.6078,,,,,,
A6NC51,5,L,M,ENSG00000180061,ENST00000326652,chr19_55321024_G_T,0.159,0.21951607,0.966,-1.15,0.025,0.86,0.487760686,0.005704,0.442860812,1.745114,0.986146546,-0.367714721,0.991788899,0.009617,0.135,-0.9672,0.04010828,0.999606,7.3625,0.598,0.2355,,0.157,-6.717,-6.14761591
A6NC51,5,L,P,ENSG00000180061,ENST00000326652,chr19_55321023_A_G,0.392,0.9393647,0.975,-3.51,0.007,0.82,0.621508943,0.005704,0.528385282,3.156738,0.99713612,0.218372008,0.99807133,0.039217,0.1927,-0.7803,0.391156786,0.998729,7.3553,,0.4147,,0.722,-11.18,-7.073787117
A6NC51,5,L,Q,ENSG00000180061,ENST00000326652,chr19_55321023_A_T,0.278,0.8234044,0.975,-3.14,0.005,0.82,0.503348089,0.005704,0.459993303,3.068913,0.994373885,0.218372008,0.99807133,0.027541,0.1921,-0.9515,0.362361684,0.983722,7.3553,,0.4263,,0.544,-11.02,-7.399263668
A6NC51,5,L,R,ENSG00000180061,ENST00000326652,chr19_55321023_A_C,0.353,0.8928702,0.966,-3.17,0.004,0.84,0.590791334,0.005704,0.505064905,3.09436,0.995496432,0.200260508,0.99807133,0.017642,0.1893,-0.9656,0.356897458,0.981081,7.3553,,0.3758,,0.671,-11.802,-5.876550102
A6NC51,5,L,V,ENSG00000180061,ENST00000326652,chr19_55321024_G_C,0.166,0.19137141,0.893,-1.2,0.03,0.94,0.388599314,0.005704,0.417108536,1.596667,0.98745171,-0.398791285,0.991788899,0.01114,0.0987,-1.0035,0.095450381,0.999504,7.3625,0.682,0.1347,,0.238,-8.275,-4.276436996
A6NC51,6,S,A,ENSG00000180061,ENST00000326652,chr19_55321021_A_C,0.04,0.058765948,0.005,0.27,1,0.96,0.08144312,0.042269,0.365447104,-0.239184,0.19771976,-1.333205584,0.992650762,0.005388,0.0441,-1.0003,0.04010828,0.9998,4.7071,0.559,0.0724,,0.114,0.004,-3.780599451
A6NC51,6,S,L,ENSG00000180061,ENST00000326652,chr19_55321020_G_A,0.072,0.18875693,0.024,-0.83,0.035,0.94,0.087588539,0.042269,0.378316522,0.766346,0.982850147,-0.538575139,0.999543641,0.011507,0.102,-1.0091,0.212008924,0.991578,9.4482,,0.1453,,0.244,-4.957,-4.030723011
A6NC51,6,S,P,ENSG00000180061,ENST00000326652,chr19_55321021_A_G,0.147,0.6523221,0.291,-1.28,0.042,0.88,0.331651304,0.042269,0.381586909,1.125141,0.948278958,-0.790054466,0.992650762,0.015338,0.0969,-0.9998,0.124217243,0.995317,4.7071,,0.1078,,0.439,-5.113,-4.548126411
A6NC51,6,S,T,ENSG00000180061,ENST00000326652,chr19_55321021_A_T,0.037,0.08428687,0.006,-0.75,0.231,0.92,0.091617918,0.042269,0.37408492,0.357636,0.877568628,-1.00725879,0.992650762,0.007321,0.0835,-1.024,0.048227956,0.99925,4.7071,,0.0949,,0.122,-2.581,-3.686336088
A6NC51,6,S,W,ENSG00000180061,ENST00000326652,chr19_55321020_G_C,0.192,0.2531494,0.79,-0.67,0.006,0.89,0.52189535,0.042269,0.394178092,1.935645,0.988922084,-0.034190454,0.999543641,0.02955,0.1719,-0.8121,0.37060803,0.965477,9.4482,,0.1581,,0.375,-4.801,-4.664338779
A6NC51,6,S,X,ENSG00000180061,ENST00000326652,chr19_55321020_G_T,,,,,,,,0.042269,,5.577689,0.99117126,0.20512199,0.999543641,,,,,1,9.4482,,,,,,
A6NC51,7,L,M,ENSG00000180061,ENST00000326652,chr19_55321018_G_T,0.091,0.36012086,0.203,-1.28,0.045,0.69,0.235729166,0.016608,0.368359447,0.633091,0.952516699,-0.432914046,0.989551365,0.011932,0.1278,-0.9233,0.048227956,0.823808,6.1096,,0.1305,,0.25,-9.149,-6.439583588
A6NC51,7,L,P,ENSG00000180061,ENST00000326652,chr19_55321017_A_G,0.379,0.9338008,0.859,-3.44,0.004,0.67,0.616629423,0.016608,0.449386209,2.825328,0.997080145,0.258131297,0.999988755,0.088243,0.2411,-0.591,0.429435027,0.999998,10.1187,,0.3391,,0.869,-12.518,-7.521717548
A6NC51,7,L,Q,ENSG00000180061,ENST00000326652,chr19_55321017_A_T,0.299,0.8420746,0.694,-3.7,0.004,0.65,0.461324743,0.016608,0.384513885,2.69572,0.993306383,0.175257516,0.999988755,0.060074,0.2119,-0.5517,0.388812401,0.908941,10.1187,,0.2351,,0.741,-12.723,-8.114064217
A6NC51,7,L,R,ENSG00000180061,ENST00000326652,chr19_55321017_A_C,0.329,0.84146464,0.694,-3.89,0.003,0.66,0.550788785,0.016608,0.421825528,2.721945,0.995275824,0.195214834,0.999988755,0.058369,0.2063,-0.5696,0.392083477,0.922667,10.1187,0.867,0.2168,,0.846,-13.262,-7.926982117
A6NC51,7,L,V,ENSG00000180061,ENST00000326652,chr19_55321018_G_C,0.037,0.15426093,0.054,-1.31,0.249,0.84,0.157659242,0.016608,0.348105699,0.928637,0.850181482,-0.677696297,0.989551365,0.01008,0.0947,-1.0187,0.080625271,0.768994,6.1096,,0.0837,,0.355,-8.225,-4.454853868
A6NC51,8,M,I,ENSG00000180061,ENST00000326652,chr19_55321013_C_A,0.052,0.12730138,0.011,-0.23,0.02,1.17,0.112304725,0.000772,0.419792533,0.826763,0.983547434,-0.754393072,0.995363602,0.007978,0.0385,-1.0181,0.048227956,0.999831,10.3291,0.487,0.2635,,0.332,-4.233,-2.321152067
A6NC51,8,M,I,ENSG00000180061,ENST00000326652,chr19_55321013_C_G,0.052,0.12730138,0.011,-0.23,0.02,1.17,0.112304725,0.000772,0.419792533,0.941002,0.984010842,-0.754393072,0.995363602,0.008363,0.0385,-1.0181,0.048227956,0.999824,10.3291,0.487,0.2635,,0.332,-4.233,-2.321152067
A6NC51,8,M,I,ENSG00000180061,ENST00000326652,chr19_55321013_C_T,0.052,0.12730138,0.011,-0.23,0.02,1.17,0.112304725,0.000772,0.419792533,0.84237,0.984294947,-0.754393072,0.995363602,0.008351,0.0385,-1.0181,0.048227956,0.999831,10.3291,0.487,0.2635,,0.332,-4.233,-2.321152067
A6NC51,8,M,K,ENSG00000180061,ENST00000326652,chr19_55321014_A_T,0.245,0.8520015,0.027,-3.13,0.001,0.97,0.170231762,0.000772,0.450011909,1.811928,0.932560317,-0.492505044,0.999988755,0.013214,0.0581,-1.0208,0.119812018,0.99725,10.1187,,0.7295,,0.721,-11.944,-7.67010231
A6NC51,8,M,L,ENSG00000180061,ENST00000326652,chr19_55321015_T_A,0.096,0.08545655,0,1.39,1,1.54,0.089469841,0.000772,0.399875581,-0.173129,0.321376756,-1.557625806,0.990573493,0.002799,0.0087,-0.9517,0.013882241,0.999972,2.8943,,0.0537,,0.074,0.808,1.057293987
A6NC51,8,M,L,ENSG00000180061,ENST00000326652,chr19_55321015_T_G,0.096,0.08545655,0,1.39,1,1.54,0.089469841,0.000772,0.399875581,-0.401956,0.309582333,-1.557625806,0.990573493,0.002799,0.0087,-0.9517,0.013882241,0.999971,2.8943,,0.0537,,0.074,0.808,1.057293987
A6NC51,8,M,R,ENSG00000180061,ENST00000326652,chr19_55321014_A_C,0.262,0.8867902,0.043,-3.14,0.001,0.97,0.151863328,0.000772,0.439709842,1.940441,0.934969289,-0.484268866,0.999988755,0.01379,0.0586,-1.0191,0.122052675,0.996993,10.1187,,0.7476,,0.693,-9.819,-6.163420391
A6NC51,8,M,T,ENSG00000180061,ENST00000326652,chr19_55321014_A_G,0.189,0.47113088,0.025,-2.51,0.002,0.98,0.124966667,0.000772,0.46686247,1.635547,0.805041982,-0.534033318,0.999988755,0.011341,0.051,-1.0322,0.104622675,0.999635,10.1187,,0.3648,,0.472,-5.596,-4.039106083
A6NC51,8,M,V,ENSG00000180061,ENST00000326652,chr19_55321015_T_C,0.041,0.15339127,0.011,-1,0.011,1.39,0.098271081,0.000772,0.377819419,0.072816,0.540750205,-1.147151643,0.990573493,0.006331,0.0268,-1.0407,0.04010828,0.999966,2.8943,,0.114,,0.312,-3.346,-1.73230319
A6NC51,9,P,A,ENSG00000180061,ENST00000326652,chr19_55321012_G_C,0.419,0.8168532,0.999,-6.05,0,0.51,0.498139346,1.00E-06,0.500566661,2.83206,0.986653338,0.484039547,0.999998777,0.079409,0.3583,-0.2445,0.433936293,0.999407,12.6078,,0.5742,,0.608,-12.689,-8.200447178
A6NC51,9,P,H,ENSG00000180061,ENST00000326652,chr19_55321011_G_T,0.572,0.90914667,1,-7.36,0,0.37,0.541397671,1.00E-06,0.538712144,3.281635,0.995138894,0.482820979,0.999998777,0.085527,0.3601,-0.2157,0.48979836,0.999671,12.6078,,0.9708,,0.782,-13.586,-9.90840683
A6NC51,9,P,L,ENSG00000180061,ENST00000326652,chr19_55321011_G_A,0.528,0.84960145,1,-7.87,0,0.44,0.510210824,1.00E-06,0.555960298,3.49285,0.997835705,0.482820979,0.999998777,0.122377,0.3601,-0.2157,0.489311471,0.999999,12.6078,,0.8627,,0.739,-11.201,-7.686212254
A6NC51,9,P,R,ENSG00000180061,ENST00000326652,chr19_55321011_G_C,0.581,0.92354274,1,-7.37,0,0.38,0.519359976,1.00E-06,0.549758136,3.276834,0.997345549,0.482820979,0.999998777,0.084551,0.3601,-0.2157,0.488407942,0.999829,12.6078,,0.9479,,0.828,-15.798,-10.26714497
A6NC51,9,P,S,ENSG00000180061,ENST00000326652,chr19_55321012_G_A,0.508,0.8413453,1,-6.1,0,0.41,0.507877448,1.00E-06,0.502566993,3.272141,0.998950509,0.488746237,0.999998777,0.074462,0.3595,-0.2255,0.4478035,0.999673,12.6078,,0.8763,,0.668,-11.476,-8.145905209
A6NC51,9,P,T,ENSG00000180061,ENST00000326652,chr19_55321012_G_T,0.547,0.92868805,1,-6.35,0,0.42,0.532205338,1.00E-06,0.523571968,2.931725,0.996934581,0.490950665,0.999998777,0.086999,0.3601,-0.2157,0.420447328,0.999618,12.6078,,0.8032,,0.734,-12.358,-9.18234024
A6NC51,10,V,A,ENSG00000180061,ENST00000326652,chr19_55321008_A_G,0.074,0.06211066,0.005,-3.13,0.154,0.84,0.121226082,0.999227,0.269008756,-0.233764,0.495907838,-1.371132699,0.998339565,0.007219,0.0918,-0.9955,0.013882241,1,11.4359,,0.1257,,0.087,-4.041,-2.844436598
A6NC51,10,V,D,ENSG00000180061,ENST00000326652,chr19_55321008_A_T,0.218,0.74447536,0.276,-5.47,0.002,0.75,0.378204969,0.999227,0.277993202,0.692541,0.82437952,-0.982483625,0.998339565,0.031242,0.1382,-0.8701,0.141422826,0.999913,11.4359,0.723,0.784,,0.564,-17.456,-10.27068233
A6NC51,10,V,F,ENSG00000180061,ENST00000326652,chr19_55321009_C_A,0.102,0.22097395,0.351,-3.09,0.007,0.79,0.372673273,0.999227,0.268184453,0.609477,0.987427035,-1.002316834,0.997222235,0.024293,0.102,-0.9626,0.071686727,1,9.4499,,0.1252,,0.303,-9.584,-5.084787464
A6NC51,10,V,G,ENSG00000180061,ENST00000326652,chr19_55321008_A_C,0.158,0.5254903,0.188,-5.7,0.001,0.76,0.277734155,0.999227,0.259578913,0.624128,0.943187317,-1.106486086,0.998339565,0.023297,0.1404,-0.8716,0.117506651,0.99987,11.4359,,0.1835,,0.381,-8.257,-4.040924215
A6NC51,10,V,I,ENSG00000180061,ENST00000326652,chr19_55321009_C_T,0.032,0.03608673,0.008,-0.07,0.487,0.95,0.080402077,0.999227,0.260840178,-0.772289,0.715540044,-1.549136317,0.997222235,0.005406,0.0574,-0.9757,0.013882241,1,9.4499,,0.0702,,0.048,-5.059,-4.983451557
A6NC51,10,V,L,ENSG00000180061,ENST00000326652,chr19_55321009_C_G,0.033,0.120707646,0.015,-1.62,0.042,1.04,0.098126642,0.999227,0.262484729,-0.263941,0.813027885,-1.368462554,0.997222235,0.010896,0.0759,-0.9966,0.04010828,1,9.4499,,0.0904,,0.127,-6.514,-3.943955374
A6NC51,11,F,C,ENSG00000180061,ENST00000326652,chr19_55321005_A_C,0.048,0.08353188,0.001,0.03,0.233,0.95,0.143534178,0.124189,0.494779676,1.376233,0.493795033,-0.922635943,0.992988746,0.00701,0.0504,-1.048,0.104622675,0.99611,4.4748,,0.1829,,0.588,-7.91,-4.934692621
A6NC51,11,F,I,ENSG00000180061,ENST00000326652,chr19_55321006_A_T,0.033,0.08221898,0.006,-0.64,0.42,1.28,0.14454106,0.124189,0.494743407,0.59379,0.942574352,-1.049506653,0.992685236,0.007211,0.0519,-1.0146,0.029773718,0.999999,6.8071,,0.1351,,0.321,-8.015,-5.094494915
A6NC51,11,F,L,ENSG00000180061,ENST00000326652,chr19_55321004_G_C,0.104,0.083800994,0.025,-0.66,0.688,1.07,0.115859512,0.124189,0.498697996,1.373137,0.902168376,-0.677418887,0.999998777,0.01073,0.065,-1.0502,0.04010828,0.886143,12.6078,,0.4486,,0.356,-4.98,-3.28475399
A6NC51,11,F,L,ENSG00000180061,ENST00000326652,chr19_55321004_G_T,0.104,0.083800994,0.025,-0.66,0.688,1.07,0.115859512,0.124189,0.498697996,1.438938,0.913541008,-0.677418887,0.999998777,0.01073,0.065,-1.0502,0.04010828,0.886143,12.6078,,0.4486,,0.356,-4.98,-3.28475399
A6NC51,11,F,L,ENSG00000180061,ENST00000326652,chr19_55321006_A_G,0.051,0.072944015,0.025,-0.66,0.688,1.07,0.115859512,0.124189,0.498697996,0.494529,0.797389783,-1.148925252,0.992685236,0.008189,0.0542,-0.9944,0.029773718,0.999999,6.8071,,0.4486,,0.356,-4.98,-3.28475399
A6NC51,11,F,S,ENSG00000180061,ENST00000326652,chr19_55321005_A_G,0.053,0.1378896,0.067,-0.87,0.65,1.06,0.271691442,0.124189,0.487527043,1.506512,0.388338231,-0.951735242,0.992988746,0.00957,0.0471,-1.0184,0.092086273,0.997454,4.4748,,0.3146,,0.48,-5.791,-3.738779926
A6NC51,11,F,V,ENSG00000180061,ENST00000326652,chr19_55321006_A_C,0.056,0.09224161,0.041,-0.81,0.562,1.05,0.164190337,0.124189,0.4546552,0.590303,0.747206383,-1.038089285,0.992685236,0.010139,0.0597,-1.0204,0.048227956,0.999998,6.8071,,0.1302,,0.474,-7.179,-3.945102358
A6NC51,11,F,Y,ENSG00000180061,ENST00000326652,chr19_55321005_A_T,0.095,0.21013242,0.303,-1.07,1,0.92,0.352933332,0.124189,0.502120495,0.950935,0.851621194,-0.647964139,0.992988746,0.008955,0.0684,-1.0148,0.013882241,0.999686,4.4748,,0.4073,,0.25,-11.936,-7.137599087
A6NC51,12,L,I,ENSG00000180061,ENST00000326652,chr19_55321003_G_T,0.207,0.2273825,0.776,-1.44,0.013,0.81,0.382985087,4.90E-05,0.512924314,2.146708,0.990630622,0.014389571,0.996539553,0.02928,0.2076,-0.6551,0.12839243,0.769337,6.4694,,0.3612,,0.235,-9.996,-7.10326786
A6NC51,12,L,P,ENSG00000180061,ENST00000326652,chr19_55321002_A_G,0.433,0.9625424,0.969,-5.77,0.002,0.72,0.60868767,4.90E-05,0.590812445,3.465315,0.996303118,0.330665604,0.999988755,0.142138,0.288,-0.4497,0.452737965,1,10.1187,0.825,0.8758,,0.873,-12.69,-7.299798203
A6NC51,12,L,Q,ENSG00000180061,ENST00000326652,chr19_55321002_A_T,0.37,0.8118446,0.969,-4.98,0.002,0.73,0.494379623,4.90E-05,0.521280706,3.390115,0.994468645,0.330665604,0.999988755,0.082217,0.288,-0.4347,0.402185213,0.989676,10.1187,0.679,0.8144,,0.729,-12.742,-10.25234852
A6NC51,12,L,R,ENSG00000180061,ENST00000326652,chr19_55321002_A_C,0.425,0.9545769,0.957,-5.1,0.001,0.73,0.567196384,4.90E-05,0.564550996,3.420843,0.995519708,0.325645416,0.999988755,0.076187,0.2864,-0.4395,0.423836183,0.991998,10.1187,0.891,0.8875,,0.829,-14.308,-11.75612793
A6NC51,12,L,V,ENSG00000180061,ENST00000326652,chr19_55321003_G_C,0.193,0.27636898,0.712,-2.13,0.009,0.84,0.338230534,4.90E-05,0.469527721,2.559194,0.99518271,-0.100003937,0.996539553,0.028881,0.1452,-0.8577,0.218112801,0.853087,6.4694,,0.2568,,0.381,-10.783,-6.383571815
A6NC51,13,A,D,ENSG00000180061,ENST00000326652,chr19_55320999_G_T,0.259,0.79065615,0.602,-3.44,0.017,0.84,0.510787644,0.006227,0.584590793,2.829504,0.98529614,-0.07145935,0.999574045,0.032808,0.165,-0.7589,0.343788945,0.624361,8.8563,,0.9272,,0.629,-12.645,-10.32828331
A6NC51,13,A,G,ENSG00000180061,ENST00000326652,chr19_55320999_G_C,0.116,0.17049271,0.559,-2.3,0.036,0.93,0.111782814,0.006227,0.515384078,2.468332,0.988223204,-0.247203091,0.999574045,0.012418,0.1049,-1.0362,0.186928173,0.903166,8.8563,,0.1507,,0.374,-7.275,-4.370177412
A6NC51,13,A,P,ENSG00000180061,ENST00000326652,chr19_55321000_C_G,0.289,0.73613954,0.859,-2.58,0.024,0.87,0.542565081,0.006227,0.565140426,2.904724,0.996198338,-0.052684156,0.999579157,0.023332,0.1407,-0.8999,0.314417295,0.70012,9.9499,,0.7195,,0.69,-10.177,-5.832991457
A6NC51,13,A,S,ENSG00000180061,ENST00000326652,chr19_55321000_C_A,0.082,0.09642795,0.396,-1.26,0.369,0.96,0.279076305,0.006227,0.501716077,1.583484,0.539695782,-0.362460055,0.999579157,0.017374,0.0791,-1.0562,0.162503813,0.949645,9.9499,,0.1528,,0.246,-5.759,-4.140016031
A6NC51,13,A,T,ENSG00000180061,ENST00000326652,chr19_55321000_C_T,0.127,0.09123512,0.135,-1.63,0.234,0.97,0.235972541,0.006227,0.530161917,1.695074,0.859840036,-0.558328632,0.999579157,0.016234,0.0771,-1.032,0.110078149,0.890907,9.9499,,0.2341,,0.348,-6.894,-4.574846077
A6NC51,13,A,V,ENSG00000180061,ENST00000326652,chr19_55320999_G_A,0.174,0.13370356,0.565,-2.26,0.023,1.01,0.432461727,0.006227,0.533779383,2.834861,0.998384009,-0.382183181,0.999574045,0.018963,0.0808,-1.0479,0.107399878,0.87749,8.8563,,0.4014,,0.435,-6.585,-4.496076775
A6NC51,14,V,A,ENSG00000180061,ENST00000326652,chr19_55320996_A_G,0.063,0.111656785,0.023,-1.57,0.578,0.96,0.129882333,0.670882,0.312774688,1.221922,0.453931723,-1.004499238,0.993965736,0.006178,0.049,-1.0172,0.04010828,1,4.0203,0.633,0.1131,,0.275,-4.166,-4.50584178
A6NC51,14,V,D,ENSG00000180061,ENST00000326652,chr19_55320996_A_T,0.166,0.65663356,0.77,-4.19,0.009,0.81,0.493465147,0.670882,0.316140652,2.598442,0.96128649,-0.303761004,0.993965736,0.020874,0.1468,-0.9907,0.33238621,0.999989,4.0203,,0.8094,,0.622,-13.942,-10.90977058
A6NC51,14,V,F,ENSG00000180061,ENST00000326652,chr19_55320997_C_A,0.024,0.05183615,0.007,-1.01,0.254,0.86,0.133862451,0.670882,0.300620824,-0.194341,0.892784167,-1.699728479,0.999999245,0.004423,0.039,-1.0575,0.048227956,1,3.4122,,0.0873,,0.31,-5.856,-5.050911236
A6NC51,14,V,G,ENSG00000180061,ENST00000326652,chr19_55320996_A_C,0.075,0.4130118,0.398,-4.05,0.01,0.83,0.308903704,0.670882,0.295083344,1.9469,0.986915438,-0.575977722,0.993965736,0.021216,0.0991,-1.0087,0.256793551,0.999983,4.0203,,0.1301,,0.44,-7.544,-6.306352997
A6NC51,14,V,I,ENSG00000180061,ENST00000326652,chr19_55320997_C_T,0.016,0.04094812,0.023,-0.04,0.513,1.25,0.083361376,0.670882,0.290572286,-0.426448,0.421734553,-1.819152528,0.999999245,0.004188,0.0243,-1.0031,0.013882241,1,3.4122,,0.0783,,0.086,-4.098,-3.945670938
A6NC51,14,V,L,ENSG00000180061,ENST00000326652,chr19_55320997_C_G,0.037,0.049634628,0.003,-0.38,0.663,1.09,0.096181407,0.670882,0.304502875,-0.766422,0.256310507,-1.884609337,0.999999245,0.002603,0.0244,-1.0196,0.055135567,1,3.4122,,0.077,,0.085,-2.329,-3.070979834
A6NC51,15,W,C,ENSG00000180061,ENST00000326652,chr19_55320992_C_A,0.289,0.44025555,0.754,-5.44,0.022,0.99,0.574388823,0.001184,0.540851116,3.119343,0.987645756,0.297286199,0.999736512,0.059645,0.1942,-0.7345,0.321672782,0.999985,12.6078,,0.3963,,0.644,-7.572,-6.786052322
A6NC51,15,W,C,ENSG00000180061,ENST00000326652,chr19_55320992_C_G,0.289,0.44025555,0.754,-5.44,0.022,0.99,0.574388823,0.001184,0.540851116,3.188773,0.986268897,0.297286199,0.999736512,0.059396,0.1942,-0.7345,0.321672782,0.999985,12.6078,,0.3963,,0.644,-7.572,-6.786052322
A6NC51,15,W,G,ENSG00000180061,ENST00000326652,chr19_55320994_A_C,0.216,0.3728354,0.008,-5.56,0.238,0.97,0.179490086,0.001184,0.514635682,1.349047,0.789073697,-0.542811806,0.998822186,0.025548,0.1132,-0.9182,0.186928173,0.609174,7.7975,,0.1343,,0.695,-10.683,-7.342855644
A6NC51,15,W,L,ENSG00000180061,ENST00000326652,chr19_55320993_C_A,0.192,0.42177352,0.142,-4.13,0.051,1.19,0.201576101,0.001184,0.545499444,1.471894,0.96049773,-0.271277043,0.999736512,0.029684,0.0724,-0.9813,0.26547133,0.544715,12.6078,,0.1902,,0.553,-9.136,-5.653283644
A6NC51,15,W,R,ENSG00000180061,ENST00000326652,chr19_55320994_A_G,0.218,0.84533346,0.526,-5.98,0.044,0.96,0.531688438,0.001184,0.573839903,2.041319,0.939815988,-0.119591122,0.998822186,0.04935,0.1444,-0.7903,0.436239593,0.636392,7.7975,0.801,0.9725,,0.599,-12.226,-11.26736183